movie_name,movie_rating,movie_release,movie_duration,movie_desc
The Shawshank Redemption,9.3,31-03-2021,142,"Two imprisoned men bond over a number of years, finding solace and eventual redemption through acts of common decency."
The Godfather,9.2,24-03-1972,175,"The Godfather follows Vito Corleone, Don of the Corleone family, as he passes the mantle to his unwilling son, Michael."
The Godfather: Part II,9,18-12-1974,202,"The early life and career of Vito Corleone in 1920s New York City is portrayed, while his son, Michael, expands and tightens his grip on the family crime syndicate."
The Dark Knight,9,17-07-2008,152,"When the menace known as the Joker wreaks havoc and chaos on the people of Gotham, Batman must accept one of the greatest psychological and physical tests of his ability to fight injustice."
12 Angry Men,9,10-04-1957,96,The jury in a New York City murder trial is frustrated by a single member whose skeptical caution forces them to more carefully consider the evidence before jumping to a hasty verdict.
Schindler&apos;s List,8.9,04-02-1994,195,"In German-occupied Poland during World War II, industrialist Oskar Schindler gradually becomes concerned for his Jewish workforce after witnessing their persecution by the Nazis."
The Lord of the Rings: The Return of the King,8.9,18-12-2003,201,Gandalf and Aragorn lead the World of Men against Sauron&apos;s army to draw his gaze from Frodo and Sam as they approach Mount Doom with the One Ring.
Pulp Fiction,8.9,14-10-1994,154,"The lives of two mob hitmen, a boxer, a gangster and his wife, and a pair of diner bandits intertwine in four tales of violence and redemption."
"Il buono, il brutto, il cattivo",8.8,23-12-1966,161,A bounty hunting scam joins two men in an uneasy alliance against a third in a race to find a fortune in gold buried in a remote cemetery.
The Lord of the Rings: The Fellowship of the Ring,8.8,20-12-2001,178,A meek Hobbit from the Shire and eight companions set out on a journey to destroy the powerful One Ring and save Middle-earth from the Dark Lord Sauron.
Fight Club,8.8,04-11-1999,139,An insomniac office worker and a devil-may-care soap maker form an underground fight club that evolves into much more.
Forrest Gump,8.8,30-11-2018,142,"The presidencies of Kennedy and Johnson, the Vietnam War, the Watergate scandal and other historical events unfold from the perspective of an Alabama man with an IQ of 75, whose only desire is to be reunited with his childhood sweeth"
Inception,8.8,15-07-2010,148,"A thief who steals corporate secrets through the use of dream-sharing technology is given the inverse task of planting an idea into the mind of a C.E.O., but his tragic past may doom the project and his team to disaster."
The Lord of the Rings: The Two Towers,8.7,19-12-2002,179,"While Frodo and Sam edge closer to Mordor with the help of the shifty Gollum, the divided fellowship makes a stand against Sauron&apos;s new ally, Saruman, and his hordes of Isengard."
Star Wars: Episode V - The Empire Strikes Back,8.7,08-08-1980,124,"After the Rebels are brutally overpowered by the Empire on the ice planet Hoth, Luke Skywalker begins Jedi training with Yoda, while his friends are pursued across the galaxy by Darth Vader and bounty hunter Boba Fett."
The Matrix,8.7,22-04-1999,136,"When a beautiful stranger leads computer hacker Neo to a forbidding underworld, he discovers the shocking truth--the life he knows is the elaborate deception of an evil cyber-intelligence."
Goodfellas,8.7,21-09-1990,146,"The story of Henry Hill and his life in the mob, covering his relationship with his wife Karen Hill and his mob partners Jimmy Conway and Tommy DeVito in the Italian-American crime syndicate."
One Flew Over the Cuckoo&apos;s Nest,8.7,19-11-1975,133,"A criminal pleads insanity and is admitted to a mental institution, where he rebels against the oppressive nurse and rallies up the scared patients."
Shichinin no samurai,8.6,26-04-1954,207,A poor village under attack by bandits recruits seven unemployed samurai to help them defend themselves.
Se7en,8.6,15-02-1996,127,"Two detectives, a rookie and a veteran, hunt a serial killer who uses the seven deadly sins as his motives."
Spider-Man: No Way Home,8.7,16-12-2021,148,"With Spider-Man&apos;s identity now revealed, Peter asks Doctor Strange for help. When a spell goes wrong, dangerous foes from other worlds start to appear, forcing Peter to discover what it truly means to be Spider-Man."
The Silence of the Lambs,8.6,08-08-2021,118,"A young F.B.I. cadet must receive the help of an incarcerated and manipulative cannibal killer to help catch another serial killer, a madman who skins his victims."
Cidade de Deus,8.6,26-06-2003,130,"In the slums of Rio, two kids&apos; paths diverge as one struggles to become a photographer and the other a kingpin."
It&apos;s a Wonderful Life,8.6,07-01-1947,130,An angel is sent from Heaven to help a desperately frustrated businessman by showing him what life would have been like if he had never existed.
La vita è bella,8.6,20-12-1997,116,"When an open-minded Jewish waiter and his son become victims of the Holocaust, he uses a perfect mixture of will, humor, and imagination to protect his son from the dangers around their camp."
Saving Private Ryan,8.6,17-09-1998,169,"Following the Normandy Landings, a group of U.S. soldiers go behind enemy lines to retrieve a paratrooper whose brothers have been killed in action."
Star Wars,8.6,10-07-1980,121,"Luke Skywalker joins forces with a Jedi Knight, a cocky pilot, a Wookiee and two droids to save the galaxy from the Empire&apos;s world-destroying battle station, while also attempting to rescue Princess Leia from the mysterious Darth Vad"
Interstellar,8.6,06-11-2014,169,A team of explorers travel through a wormhole in space in an attempt to ensure humanity&apos;s survival.
Sen to Chihiro no kamikakushi,8.6,20-12-2001,125,"During her family&apos;s move to the suburbs, a sullen 10-year-old girl wanders into a world ruled by gods, witches, and spirits, and where humans are changed into beasts."
The Green Mile,8.6,16-03-2000,189,"The lives of guards on Death Row are affected by one of their charges: a black man accused of child murder and rape, yet who has a mysterious gift."
Gisaengchung,8.6,27-06-2019,132,Greed and class discrimination threaten the newly formed symbiotic relationship between the wealthy Park family and the destitute Kim clan.
Léon,8.5,14-09-1994,110,"12-year-old Mathilda is reluctantly taken in by Léon, a professional assassin, after her family is murdered. An unusual relationship forms as she becomes his protégée and learns the assassin&apos;s trade."
Seppuku,8.6,16-09-1962,133,"When a ronin requesting seppuku at a feudal lord&apos;s palace is told of the brutal suicide of another ronin who previously visited, he reveals how their pasts are intertwined - and in doing so challenges the clan&apos;s integrity."
The Pianist,8.5,25-09-2002,150,A Polish Jewish musician struggles to survive the destruction of the Warsaw ghetto of World War II.
Terminator 2: Judgment Day,8.5,03-07-1991,137,"A cyborg, identical to the one who failed to kill Sarah Connor, must now protect her ten-year-old son John from a more advanced and powerful cyborg."
Back to the Future,8.5,03-07-1985,116,"Marty McFly, a 17-year-old high school student, is accidentally sent thirty years into the past in a time-traveling DeLorean invented by his close friend, the eccentric scientist Doc Brown."
The Usual Suspects,8.5,16-08-1995,106,"A sole survivor tells of the twisty events leading up to a horrific gun battle on a boat, which began when five criminals met at a seemingly random police lineup."
Psycho,8.5,08-09-1960,109,"A Phoenix secretary embezzles $40,000 from her employer&apos;s client, goes on the run, and checks into a remote motel run by a young man under the domination of his mother."
The Lion King,8.5,10-08-1994,88,"Lion prince Simba and his father are targeted by his bitter uncle, who wants to ascend the throne himself."
Modern Times,8.5,25-02-1936,87,The Tramp struggles to live in modern industrial society with the help of a young homeless woman.
Hotaru no haka,8.5,16-04-1988,89,A young boy and his little sister struggle to survive in Japan during World War II.
American History X,8.5,18-03-1999,119,A former neo-nazi skinhead tries to prevent his younger brother from going down the same wrong path that he did.
Whiplash,8.5,15-01-2015,106,A promising young drummer enrolls at a cut-throat music conservatory where his dreams of greatness are mentored by an instructor who will stop at nothing to realize a student&apos;s potential.
Gladiator,8.5,11-05-2000,155,A former Roman General sets out to exact vengeance against the corrupt emperor who murdered his family and sent him into slavery.
City Lights,8.5,07-03-1931,87,"With the aid of a wealthy erratic tippler, a dewy-eyed tramp who has fallen in love with a sightless flower girl accumulates money to be able to help her medically."
The Departed,8.5,12-10-2006,151,An undercover cop and a mole in the police attempt to identify each other while infiltrating an Irish gang in South Boston.
Intouchables,8.5,13-12-2012,112,"After he becomes a quadriplegic from a paragliding accident, an aristocrat hires a young man from the projects to be his caregiver."
The Prestige,8.5,19-10-2006,130,"After a tragic accident, two stage magicians in 1890s London engage in a battle to create the ultimate illusion while sacrificing everything they have to outwit each other."
Casablanca,8.5,23-01-1943,102,A cynical expatriate American cafe owner struggles to decide whether or not to help his former lover and her fugitive husband escape the Nazis in French Morocco.
C&apos;era una volta il West,8.5,21-12-1968,165,A mysterious stranger with a harmonica joins forces with a notorious desperado to protect a beautiful widow from a ruthless assassin working for the railroad.
Rear Window,8.5,01-09-1954,112,"A wheelchair-bound photographer spies on his neighbors from his Greenwich Village courtyard apartment window, and becomes convinced one of them has committed murder, despite the skepticism of his fashion-model girlfriend."
Nuovo Cinema Paradiso,8.5,17-11-1988,155,A filmmaker recalls his childhood when falling in love with the pictures at the cinema of his home village and forms a deep friendship with the cinema&apos;s projectionist.
Alien,8.4,31-10-1979,117,The crew of a commercial spacecraft encounter a deadly lifeform after investigating an unknown transmission.
Apocalypse Now,8.4,15-08-1979,147,A U.S. Army officer serving in Vietnam is tasked with assassinating a renegade Special Forces Colonel who sees himself as a god.
Memento,8.4,28-06-2001,113,A man with short-term memory loss attempts to track down his wife&apos;s murderer.
Raiders of the Lost Ark,8.4,25-12-1981,115,"In 1936, archaeologist and adventurer Indiana Jones is hired by the U.S. government to find the Ark of the Covenant before Adolf Hitler&apos;s Nazis can obtain its awesome powers."
The Great Dictator,8.4,23-10-1945,125,Dictator Adenoid Hynkel tries to expand his empire while a poor Jewish barber tries to avoid persecution from Hynkel&apos;s regime.
Django Unchained,8.4,21-03-2013,165,"With the help of a German bounty-hunter, a freed slave sets out to rescue his wife from a brutal plantation-owner in Mississippi."
Das Leben der Anderen,8.4,01-03-2007,137,"In 1984 East Berlin, an agent of the secret police, conducting surveillance on a writer and his lover, finds himself becoming increasingly absorbed by their lives."
Paths of Glory,8.4,25-12-1957,88,"After refusing to attack an enemy position, a general accuses the soldiers of cowardice and their commanding officer must defend them."
Sunset Blvd.,8.4,04-08-1950,110,A screenwriter develops a dangerous relationship with a faded film star determined to make a triumphant return.
WALL·E,8.4,28-08-2008,98,"In the distant future, a small waste-collecting robot inadvertently embarks on a space journey that will ultimately decide the fate of mankind."
Avengers: Infinity War,8.4,25-04-2018,149,The Avengers and their allies must be willing to sacrifice all in an attempt to defeat the powerful Thanos before his blitz of devastation and ruin puts an end to the universe.
Witness for the Prosecution,8.4,06-02-1958,116,A veteran British barrister must defend his client in a murder trial that has surprise after surprise.
Spider-Man: Into the Spider-Verse,8.4,13-12-2018,117,"Teen Miles Morales becomes the Spider-Man of his universe, and must join with five spider-powered individuals from other dimensions to stop a threat for all realities."
The Shining,8.4,13-06-1980,146,"A family heads to an isolated hotel for the winter where a sinister presence influences the father into violence, while his psychic son sees horrific forebodings from both past and future."
Dr. Strangelove or: How I Learned to Stop Worrying and Love the Bomb,8.4,29-01-1964,95,"An insane American general orders a bombing attack on the Soviet Union, triggering a path to nuclear holocaust that a war room full of politicians and generals frantically tries to stop."
Mononoke-hime,8.4,12-07-1997,134,"On a journey to find the cure for a Tatarigami&apos;s curse, Ashitaka finds himself in the middle of a war between the forest gods and Tatara, a mining colony. In this quest he also meets San, the Mononoke Hime."
Oldeuboi,8.4,14-10-2004,120,"After being kidnapped and imprisoned for fifteen years, Oh Dae-Su is released, only to find that he must find his captor in five days."
Joker,8.4,03-10-2019,122,"In Gotham City, mentally troubled comedian Arthur Fleck is disregarded and mistreated by society. He then embarks on a downward spiral of revolution and bloody crime. This path brings him face-to-face with his alter-ego: the Joker."
Kimi no na wa.,8.4,03-11-2016,106,"Two strangers find themselves linked in a bizarre way. When a connection forms, will distance be the only thing to keep them apart?"
Coco,8.4,23-11-2017,105,"Aspiring musician Miguel, confronted with his family&apos;s ancestral ban on music, enters the Land of the Dead to find his great-great-grandfather, a legendary singer."
The Dark Knight Rises,8.4,19-07-2012,164,"Eight years after the Joker&apos;s reign of anarchy, Batman, with the help of the enigmatic Catwoman, is forced from his exile to save Gotham City from the brutal guerrilla terrorist Bane."
Aliens,8.3,06-11-1986,137,"Fifty-seven years after surviving an apocalyptic attack aboard her space vessel by merciless space creatures, Officer Ripley awakens from hyper-sleep and tries to warn anyone who will listen about the predators."
Once Upon a Time in America,8.3,01-06-1984,229,"A former Prohibition-era Jewish gangster returns to the Lower East Side of Manhattan 35 years later, where he must once again confront the ghosts and regrets of his old life."
Avengers: Endgame,8.4,24-04-2019,181,"After the devastating events of Avengers: Infinity War (2018), the universe is in ruins. With the help of remaining allies, the Avengers assemble once more in order to reverse Thanos&apos; actions and restore balance to the universe."
Capharnaüm,8.4,20-09-2018,126,"While serving a five-year sentence for a violent crime, a 12-year-old boy sues his parents for neglect."
Das Boot,8.3,17-09-1981,149,"The claustrophobic world of a WWII German U-boat; boredom, filth and sheer terror."
Tengoku to jigoku,8.4,01-03-1963,143,An executive of a Yokohama shoe company becomes a victim of extortion when his chauffeur&apos;s son is kidnapped by mistake and held for ransom.
3 Idiots,8.4,24-12-2009,170,"Two friends are searching for their long lost companion. They revisit their college days and recall the memories of their friend who inspired them to think differently, even as the rest of the world called them &quot;idiots&quot;."
Toy Story,8.3,07-03-1996,81,A cowboy doll is profoundly threatened and jealous when a new spaceman figure supplants him as top toy in a boy&apos;s room.
Amadeus,8.3,19-09-1984,160,"The life, success and troubles of Wolfgang Amadeus Mozart, as told by Antonio Salieri, the contemporaneous composer who was insanely jealous of Mozart&apos;s talent and claimed to have murdered him."
American Beauty,8.3,02-03-2000,122,A sexually frustrated suburban father has a mid-life crisis after becoming infatuated with his daughter&apos;s best friend.
Braveheart,8.3,24-05-1995,178,Scottish warrior William Wallace leads his countrymen in a rebellion to free his homeland from the tyranny of King Edward I of England.
Inglourious Basterds,8.3,17-09-2009,153,"In Nazi-occupied France during World War II, a plan to assassinate Nazi leaders by a group of Jewish U.S. soldiers coincides with a theatre owner&apos;s vengeful plans for the same."
Good Will Hunting,8.3,05-03-1998,126,"Will Hunting, a janitor at M.I.T., has a gift for mathematics, but needs help from a psychologist to find direction in his life."
Hamilton,8.4,23-02-2021,160,"The real life of one of America&apos;s foremost founding fathers and first Secretary of the Treasury, Alexander Hamilton. Captured live on Broadway from the Richard Rodgers Theater with the original Broadway cast."
Star Wars: Episode VI - Return of the Jedi,8.3,25-05-1983,131,"After a daring mission to rescue Han Solo from Jabba the Hutt, the Rebels dispatch to Endor to destroy the second Death Star. Meanwhile, Luke struggles to help Darth Vader back from the dark side without falling into the Emperor&apos;s tr"
Idi i smotri,8.3,03-09-1985,142,"After finding an old rifle, a young boy joins the Soviet resistance movement against ruthless German forces and experiences the horrors of World War II."
2001: A Space Odyssey,8.3,12-05-1968,149,"The Monoliths push humanity to reach for the stars; after their discovery in Africa generations ago, the mysterious objects lead mankind on an awesome journey to Jupiter, with the help of H.A.L. 9000: the world&apos;s greatest supercomput"
Reservoir Dogs,8.3,02-09-1992,99,"When a simple jewelry heist goes horribly wrong, the surviving criminals begin to suspect that one of them is a police informant."
Taare Zameen Par,8.4,21-12-2007,165,"An eight-year-old boy is thought to be a lazy trouble-maker, until the new art teacher has the patience and compassion to discover the real problem behind his struggles in school."
Vertigo,8.3,22-05-1958,128,"A former San Francisco police detective juggles wrestling with his personal demons and becoming obsessed with the hauntingly beautiful woman he has been hired to trail, who may be deeply disturbed."
M - Eine Stadt sucht einen Mörder,8.3,31-08-1931,117,"When the police in a German city are unable to catch a child-murderer, other criminals join in the manhunt."
Jagten,8.3,06-06-2013,115,"A teacher lives a lonely life, all the while struggling over his son&apos;s custody. His life slowly gets better as he finds love and receives good news from his son, but his new luck is about to be brutally shattered by an innocent littl"
Citizen Kane,8.3,05-09-1941,119,"Following the death of publishing tycoon Charles Foster Kane, reporters scramble to uncover the meaning of his final utterance; &apos;Rosebud&apos;."
Requiem for a Dream,8.3,12-07-2001,102,The drug-induced utopias of four Coney Island people are shattered when their addictions run deep.
Singin&apos; in the Rain,8.3,11-04-1952,103,A silent film star falls for a chorus girl just as he and his delusionally jealous screen partner are trying to make the difficult transition to talking pictures in 1920s Hollywood.
North by Northwest,8.3,18-12-1959,136,"A New York City advertising executive goes on the run after being mistaken for a government agent by a group of foreign spies, and falls for a woman whose loyalties he begins to doubt."
Eternal Sunshine of the Spotless Mind,8.3,19-03-2004,108,"When their relationship turns sour, a couple undergoes a medical procedure to have each other erased from their memories."
Ikiru,8.3,09-10-1952,143,A bureaucrat tries to find meaning in his life after he discovers he has terminal cancer.
Ladri di biciclette,8.3,24-11-1948,89,"In post-war Italy, a working-class man&apos;s bicycle is stolen, endangering his efforts to find work. He and his son set out to find it."
Lawrence of Arabia,8.3,11-12-1962,228,"The story of T.E. Lawrence, the English officer who successfully united and led the diverse, often warring, Arab tribes during World War I in order to fight the Turks."
The Kid,8.3,06-02-1921,68,"The Tramp cares for an abandoned child, but events put that relationship in jeopardy."
Full Metal Jacket,8.3,10-07-1987,116,A pragmatic U.S. Marine observes the dehumanizing effects the Vietnam War has on his fellow recruits from their brutal boot camp training to the bloody street fighting in Hue.
Incendies,8.3,18-08-2011,131,Twins journey to the Middle East to discover their family history and fulfill their mother&apos;s last wishes.
Dangal,8.4,21-06-2017,161,Former wrestler Mahavir Singh Phogat and his two wrestler daughters struggle towards glory at the Commonwealth Games in the face of societal oppression.
The Apartment,8.3,29-06-1960,125,"A Manhattan insurance clerk tries to rise in his company by letting its executives use his apartment for trysts, but complications and a romance of his own ensue."
Double Indemnity,8.3,06-07-1944,107,"A Los Angeles insurance representative lets an alluring housewife seduce him into a scheme of insurance fraud and murder that arouses the suspicion of his colleague, an insurance investigator."
Metropolis,8.3,06-02-1927,153,"In a futuristic city sharply divided between the working class and the city planners, the son of the city&apos;s mastermind falls in love with a working-class prophet who predicts the coming of a savior to mediate their differences."
The Father,8.3,15-04-2021,97,"A man refuses all assistance from his daughter as he ages. As he tries to make sense of his changing circumstances, he begins to doubt his loved ones, his own mind and even the fabric of his reality."
Jodaeiye Nader az Simin,8.3,08-03-2012,123,A married couple are faced with a difficult decision - to improve the life of their child by moving to another country or to stay in Iran and look after a deteriorating parent who has Alzheimer&apos;s disease.
Taxi Driver,8.2,09-02-1976,114,"A mentally unstable veteran works as a nighttime taxi driver in New York City, where the perceived decadence and sleaze fuels his urge for violent action."
A Clockwork Orange,8.3,13-01-1972,136,"In the future, a sadistic gang leader is imprisoned and volunteers for a conduct-aversion experiment, but it doesn&apos;t go as planned."
The Sting,8.3,25-12-1973,129,Two grifters team up to pull off the ultimate con.
Scarface,8.3,09-12-1983,170,"In 1980 Miami, a determined Cuban immigrant takes over a drug cartel and succumbs to greed."
Snatch,8.2,29-03-2001,104,"Unscrupulous boxing promoters, violent bookmakers, a Russian gangster, incompetent amateur robbers and supposedly Jewish jewelers fight to track down a priceless stolen diamond."
1917,8.3,09-01-2020,119,"April 6th, 1917. As an infantry battalion assembles to wage war deep in enemy territory, two soldiers are assigned to race against time and deliver a message that will stop 1,600 men from walking straight into a deadly trap."
Le fabuleux destin d&apos;Amélie Poulain,8.3,31-12-2001,122,"Amélie is an innocent and naive girl in Paris with her own sense of justice. She decides to help those around her and, along the way, discovers love."
To Kill a Mockingbird,8.2,16-03-1963,129,"Atticus Finch, a widowed lawyer in Depression-era Alabama, defends a black man against an undeserved rape charge, and his children against prejudice."
Toy Story 3,8.2,17-06-2010,103,"The toys are mistakenly delivered to a day-care center instead of the attic right before Andy leaves for college, and it&apos;s up to Woody to convince the other toys that they weren&apos;t abandoned and to return home."
Per qualche dollaro in più,8.2,20-12-1965,132,Two bounty hunters with the same intentions team up to track down an escaped Mexican outlaw.
Pather Panchali,8.4,26-08-1955,125,"Impoverished priest Harihar Ray, dreaming of a better life for himself and his family, leaves his rural Bengal village in search of work."
Up,8.2,07-08-2009,96,"78-year-old Carl Fredricksen travels to Paradise Falls in his house equipped with balloons, inadvertently taking a young stowaway."
Indiana Jones and the Last Crusade,8.2,24-05-1989,127,"In 1938, after his father Professor Henry Jones, Sr. goes missing while pursuing the Holy Grail, Professor Henry &quot;Indiana&quot; Jones, Jr. finds himself up against Adolf Hitler&apos;s Nazis again to stop them from obtaining its powers."
Heat,8.2,29-02-1996,170,A group of high-end professional thieves start to feel the heat from the LAPD when they unknowingly leave a clue at their latest heist.
L.A. Confidential,8.2,20-11-1997,138,"As corruption grows in 1950s Los Angeles, three policemen - one strait-laced, one brutal, and one sleazy - investigate a series of murders with their own brand of justice."
Ran,8.2,01-06-1985,162,"In Medieval Japan, an elderly warlord retires, handing over his empire to his three sons. However, he vastly underestimates how the new-found power will corrupt them and cause them to turn on each other...and him."
Yôjinbô,8.2,25-04-1961,110,A crafty ronin comes to a town divided by two criminal gangs and decides to play them against each other to free the town.
Die Hard,8.2,20-07-1988,132,An NYPD officer tries to save his wife and several others taken hostage by German terrorists during a Christmas party at the Nakatomi Plaza in Los Angeles.
Green Book,8.2,24-01-2019,130,A working-class Italian-American bouncer becomes the driver of an African-American classical pianist on a tour of venues through the 1960s American South.
Rashômon,8.2,26-08-1950,88,"The rape of a bride and the murder of her samurai husband are recalled from the perspectives of a bandit, the bride, the samurai&apos;s ghost and a woodcutter."
Der Untergang,8.2,16-09-2004,156,"Traudl Junge, the final secretary for Adolf Hitler, tells of the Nazi dictator&apos;s final days in his Berlin bunker at the end of WWII."
All About Eve,8.2,27-10-1950,138,A seemingly timid but secretly ruthless ingénue insinuates herself into the lives of an aging Broadway star and her circle of theater friends.
Monty Python and the Holy Grail,8.2,25-05-1975,91,"King Arthur and his Knights of the Round Table embark on a surreal, low-budget search for the Holy Grail, encountering many, very silly obstacles."
Some Like It Hot,8.2,19-03-1959,121,"After two male musicians witness a mob hit, they flee the state in an all-female band disguised as women, but further complications set in."
Batman Begins,8.2,16-06-2005,140,"After training with his mentor, Batman begins his fight to free crime-ridden Gotham City from corruption."
Unforgiven,8.2,07-08-1992,130,"Retired Old West gunslinger William Munny reluctantly takes on one last job, with the help of his old partner Ned Logan and a young man, The &quot;Schofield Kid.&quot;"
Bacheha-Ye aseman,8.3,12-08-1999,89,"After a boy loses his sister&apos;s pair of shoes, he goes on a series of adventures in order to find them. When he can&apos;t, he tries a new way to &quot;win&quot; a new pair."
Jai Bhim,9.3,02-11-2021,164,"When a tribal man is arrested for a case of alleged theft, his wife turns to a human-rights lawyer to help bring justice."
Hauru no ugoku shiro,8.2,24-02-2005,119,"When an unconfident young woman is cursed with an old body by a spiteful witch, her only chance of breaking the spell lies with a self-indulgent yet insecure young wizard and his companions in his legged, walking castle."
The Wolf of Wall Street,8.2,09-01-2014,180,"Based on the true story of Jordan Belfort, from his rise to a wealthy stock-broker living the high life to his fall involving crime, corruption and the federal government."
Judgment at Nuremberg,8.2,18-12-1961,179,"In 1948, an American court in occupied Germany tries four Nazis judged for war crimes."
There Will Be Blood,8.2,21-02-2008,158,"A story of family, religion, hatred, oil and madness, focusing on a turn-of-the-century prospector in the early days of the business."
The Great Escape,8.2,04-07-1963,172,Allied prisoners of war plan for several hundred of their number to escape from a German camp during World War II.
Casino,8.2,14-03-1996,178,"A tale of greed, deception, money, power, and murder occur between two best friends: a mafia enforcer and a casino executive compete against each other over a gambling empire, and over a fast-living and fast-loving socialite."
The Treasure of the Sierra Madre,8.2,24-01-1948,126,Two down-on-their-luck Americans searching for work in 1920s Mexico convince an old prospector to help them mine for gold in the Sierra Madre Mountains.
El laberinto del fauno,8.2,30-11-2006,118,"In the Falangist Spain of 1944, the bookish young stepdaughter of a sadistic army officer escapes into an eerie but captivating fantasy world."
A Beautiful Mind,8.2,04-01-2002,135,"After John Nash, a brilliant but asocial mathematician, accepts secret work in cryptography, his life takes a turn for the nightmarish."
El secreto de sus ojos,8.2,13-08-2009,129,A retired legal counselor writes a novel hoping to find closure for one of his past unresolved homicide cases and for his unreciprocated love with his superior - both of which still haunt him decades later.
Raging Bull,8.2,19-12-1980,129,"The life of boxer Jake LaMotta, whose violence and temper that led him to the top in the ring destroyed his life outside of it."
Chinatown,8.2,20-06-1974,130,"A private detective hired to expose an adulterer in 1930s Los Angeles finds himself caught up in a web of deceit, corruption, and murder."
Tonari no Totoro,8.2,16-04-1988,86,"When two girls move to the country to be near their ailing mother, they have adventures with the wondrous forest spirits who live nearby."
Shutter Island,8.2,15-04-2010,138,"In 1954, a U.S. Marshal investigates the disappearance of a murderer who escaped from a hospital for the criminally insane."
"Lock, Stock and Two Smoking Barrels",8.2,28-01-1999,107,"Eddy persuades his three pals to pool money for a vital poker game against a powerful local mobster, Hatchet Harry. Eddy loses, after which Harry gives him a week to pay back 500,000 pounds."
No Country for Old Men,8.1,14-02-2008,122,Violence and mayhem ensue after a hunter stumbles upon a drug deal gone wrong and more than two million dollars in cash near the Rio Grande.
Klaus,8.2,15-11-2019,96,"A simple act of kindness always sparks another, even in a frozen, faraway place. When Smeerensburg&apos;s new postman, Jesper, befriends toymaker Klaus, their gifts melt an age-old feud and deliver a sleigh full of holiday traditions."
Dial M for Murder,8.2,29-05-1954,105,A former tennis player tries to arrange his wife&apos;s murder after learning of her affair.
The Gold Rush,8.2,13-07-1925,95,"A prospector goes to the Klondike during the 1890s gold rush in hopes of making his fortune, and is smitten with a girl he sees in a dance hall."
The Thing,8.1,25-06-1982,109,A research team in Antarctica is hunted by a shape-shifting alien that assumes the appearance of its victims.
"Three Billboards Outside Ebbing, Missouri",8.1,18-01-2018,115,A mother personally challenges the local authorities to solve her daughter&apos;s murder when they fail to catch the culprit.
Dersu Uzala,8.3,02-08-1975,142,The Russian army sends an explorer on an expedition to the snowy Siberian wilderness where he makes friends with a seasoned local hunter.
Det sjunde inseglet,8.2,16-02-1957,96,"A knight returning to Sweden after the Crusades seeks answers about life, death, and the existence of God as he plays chess against the Grim Reaper during the Black Plague."
The Elephant Man,8.1,10-10-1980,124,"A Victorian surgeon rescues a heavily disfigured man who is mistreated while scraping a living as a side-show freak. Behind his monstrous façade, there is revealed a person of kindness, intelligence and sophistication."
The Sixth Sense,8.1,16-09-1999,107,"A frightened, withdrawn Philadelphia boy who communicates with spirits seeks the help of a disheartened child psychologist."
The Truman Show,8.1,01-10-1998,103,An insurance salesman discovers his whole life is actually a reality TV show.
Jurassic Park,8.1,05-08-1993,127,A pragmatic paleontologist touring an almost complete theme park on an island in Central America is tasked with protecting a couple of kids after a power failure causes the park&apos;s cloned dinosaurs to run loose.
Smultronstället,8.2,26-12-1957,91,"After living a life marked by coldness, an aging professor is forced to confront the emptiness of his existence."
The Third Man,8.1,03-09-1949,104,"Pulp novelist Holly Martins travels to shadowy, postwar Vienna, only to find himself investigating the mysterious death of an old friend, Harry Lime."
Salinui chueok,8.1,02-05-2003,131,"In a small Korean province in 1986, two detectives struggle with the case of multiple young women being found raped and murdered by an unknown culprit."
V for Vendetta,8.1,16-03-2006,132,"In a future British tyranny, a shadowy freedom fighter, known only by the alias of &quot;V,&quot; plots to overthrow it with the help of a young woman."
Blade Runner,8.1,25-06-1982,117,"A blade runner must pursue and terminate four replicants who stole a ship in space, and have returned to Earth to find their creator."
Trainspotting,8.1,23-02-1996,93,"Renton, deeply immersed in the Edinburgh drug scene, tries to clean up and get out, despite the allure of the drugs and influence of friends."
Fargo,8.1,05-04-1996,98,Minnesota car salesman Jerry Lundegaard&apos;s inept crime falls apart due to his and his henchmen&apos;s bungling and the persistent police work of the quite pregnant Marge Gunderson.
The Bridge on the River Kwai,8.1,11-10-1957,161,"British POWs are forced to build a railway bridge across the river Kwai for their Japanese captors in occupied Burma, not knowing that the allied forces are planning a daring commando raid through the jungle to destroy it."
Inside Out,8.1,27-08-2015,95,"After young Riley is uprooted from her Midwest life and moved to San Francisco, her emotions - Joy, Fear, Anger, Disgust and Sadness - conflict on how best to navigate a new city, house, and school."
Finding Nemo,8.1,06-06-2003,100,"After his son is captured in the Great Barrier Reef and taken to Sydney, a timid clownfish sets out on a journey to bring him home."
Kill Bill: Vol. 1,8.1,23-10-2003,111,"After awakening from a four-year coma, a former assassin wreaks vengeance on the team of assassins who betrayed her."
Warrior,8.1,03-11-2011,140,"The youngest son of an alcoholic former boxer returns home, where he&apos;s trained by his father for competition in a mixed martial arts tournament - a path that puts the fighter on a collision course with his estranged, older brother."
Gone with the Wind,8.1,17-01-1940,238,The manipulative daughter of a Georgia plantation owner conducts a turbulent romance with a roguish profiteer during the American Civil War and Reconstruction periods.
Tôkyô monogatari,8.2,03-11-1953,136,"An old couple visit their children and grandchildren in the city, but receive little attention."
On the Waterfront,8.1,22-06-1954,108,"An ex-prize fighter turned New Jersey longshoreman struggles to stand up to his corrupt union bosses, including his older brother, as he starts to connect with the grieving sister of one of the syndicate&apos;s victims."
Babam ve Oglum,8.2,18-11-2005,112,The family of a left-wing journalist is torn apart after the military coup of Turkey in 1980.
Relatos salvajes,8.1,21-08-2014,122,Six short stories that explore the extremities of human behavior involving people in distress.
Prisoners,8.1,19-09-2013,153,"When Keller Dover&apos;s daughter and her friend go missing, he takes matters into his own hands as the police pursue multiple leads and the pressure mounts."
Stalker,8.1,17-04-1980,162,A guide leads two men through an area known as the Zone to find a room that grants wishes.
The Grand Budapest Hotel,8.1,20-03-2014,99,"A writer encounters the owner of an aging high-class hotel, who tells him of his early years serving as a lobby boy in the hotel&apos;s glorious years under an exceptional concierge."
The Deer Hunter,8.1,23-02-1979,183,An in-depth examination of the ways in which the Vietnam War impacts and disrupts the lives of several friends in a small steel mill town in Pennsylvania.
The General,8.1,02-01-1927,67,"After being rejected by the Confederate military, not realizing it was due to his crucial civilian role, an engineer must single-handedly recapture his beloved locomotive after it is seized by Union spies and return it through enemy "
Sherlock Jr.,8.2,11-05-1924,45,"A film projectionist longs to be a detective, and puts his meagre skills to work when he is framed by a rival for stealing his girlfriend&apos;s father&apos;s pocketwatch."
Gran Torino,8.1,26-03-2009,116,"Disgruntled Korean War veteran Walt Kowalski sets out to reform his neighbor, Thao Lor, a Hmong teenager who tried to steal Kowalski&apos;s prized possession: a 1972 Gran Torino."
Persona,8.1,18-10-1966,85,A nurse is put in charge of a mute actress and finds that their personae are melding together.
Before Sunrise,8.1,27-01-1995,101,"A young man and woman meet on a train in Europe, and wind up spending one evening together in Vienna. Unfortunately, both know that this will probably be their only night together."
Mary and Max.,8.1,24-03-2011,92,"A tale of friendship between two unlikely pen pals: Mary, a lonely, eight-year-old girl living in the suburbs of Melbourne, and Max, a forty-four-year old, severely obese man living in New York."
Catch Me If You Can,8.1,30-01-2003,141,"Barely 21 yet, Frank is a skilled forger who has passed as a doctor, lawyer and pilot. FBI agent Carl becomes obsessed with tracking down the con man, who only revels in the pursuit."
Dune: Part One,8.1,16-09-2021,155,Feature adaptation of Frank Herbert&apos;s science fiction novel about the son of a noble family entrusted with the protection of the most valuable asset and most vital element in the galaxy.
Mr. Smith Goes to Washington,8.1,19-10-1939,129,"A naive youth leader is appointed to fill a vacancy in the U.S. Senate. His idealistic plans promptly collide with corruption at home and subterfuge from his hero in Washington, but he tries to forge ahead despite attacks on his char"
Barry Lyndon,8.1,18-12-1975,185,An Irish rogue wins the heart of a rich widow and assumes her dead husband&apos;s aristocratic position in 18th-century England.
In the Name of the Father,8.1,27-12-1993,133,A man&apos;s coerced confession to an I.R.A. bombing he did not commit results in the imprisonment of his father as well. An English lawyer fights to free them.
Z,8.2,26-02-1969,127,The public murder of a prominent politician and doctor amid a violent demonstration is covered up by military and government officials. A tenacious magistrate is determined not to let them get away with it.
Hacksaw Ridge,8.1,19-01-2017,139,"World War II American Army Medic Desmond T. Doss, who served during the Battle of Okinawa, refuses to kill people and becomes the first man in American history to receive the Medal of Honor without firing a shot."
Gone Girl,8.1,09-10-2014,149,"With his wife&apos;s disappearance having become the focus of an intense media circus, a man sees the spotlight turned on him when it&apos;s suspected that he may not be innocent."
Room,8.1,14-01-2016,118,"Held captive for 7 years in an enclosed space, a woman and her young son finally gain their freedom, allowing the boy to experience the outside world for the first time."
La passion de Jeanne d&apos;Arc,8.1,25-10-1928,110,"In 1431, Jeanne d&apos;Arc is placed on trial on charges of heresy. The ecclesiastical jurists attempt to force Jeanne to recant her claims of holy visions."
Andhadhun,8.2,16-12-2018,139,"A series of mysterious events change the life of a blind pianist, who must now report a crime that he should technically know nothing of."
Ford v Ferrari,8.1,14-11-2019,152,American car designer Carroll Shelby and driver Ken Miles battle corporate interference and the laws of physics to build a revolutionary race car for Ford in order to defeat Ferrari at the 24 Hours of Le Mans in 1966.
12 Years a Slave,8.1,19-12-2013,134,"In the antebellum United States, Solomon Northup, a free black man from upstate New York, is abducted and sold into slavery."
To Be or Not to Be,8.2,06-03-1942,99,"During the Nazi occupation of Poland, an acting troupe becomes embroiled in a Polish soldier&apos;s efforts to track down a German spy."
The Big Lebowski,8.1,27-08-1998,117,"Ultimate L.A. slacker Jeff &quot;The Dude&quot; Lebowski, mistaken for a millionaire of the same name, seeks restitution for a rug ruined by debt collectors, enlisting his bowling buddies for help while trying to find the millionaire&apos;s missing"
Dead Poets Society,8.1,09-06-1989,128,Maverick teacher John Keating uses poetry to embolden his boarding school students to new heights of self-expression.
Harry Potter and the Deathly Hallows: Part 2,8.1,14-07-2011,130,"Harry, Ron, and Hermione search for Voldemort&apos;s remaining Horcruxes in their effort to destroy the Dark Lord as the final battle rages on at Hogwarts."
Ben-Hur,8.1,18-11-1959,212,"After a Jewish prince is betrayed and sent into slavery by a Roman friend in 1st-century Jerusalem, he regains his freedom and comes back for revenge."
How to Train Your Dragon,8.1,25-03-2010,98,"A hapless young Viking who aspires to hunt dragons becomes the unlikely friend of a young dragon himself, and learns there may be more to the creatures than he assumed."
Mad Max: Fury Road,8.1,14-05-2015,120,"In a post-apocalyptic wasteland, a woman rebels against a tyrannical ruler in search for her homeland with the aid of a group of female prisoners, a psychotic worshiper, and a drifter named Max."
Höstsonaten,8.2,08-10-1978,99,"A devoted wife is visited by her mother, a successful concert pianist who had little time for her when she was young."
Million Dollar Baby,8.1,17-02-2005,132,A determined woman works with a hardened boxing trainer to become a professional.
Le salaire de la peur,8.1,22-04-1953,131,"In a decrepit South American village, four men are hired to transport an urgent nitroglycerine shipment without the equipment that would make it safe."
Stand by Me,8.1,22-08-1986,89,"After the death of one of his friends, a writer recounts a childhood journey with his friends to find the body of a missing boy."
Network,8.1,27-11-1976,121,"A television network cynically exploits a deranged former anchor&apos;s ravings and revelations about the news media for its own profit, but finds that his message may be difficult to control."
Ah-ga-ssi,8.1,07-07-2016,145,"A woman is hired as a handmaiden to a Japanese heiress, but secretly she is involved in a plot to defraud her."
Logan,8.1,02-03-2017,137,"In a future where mutants are nearly extinct, an elderly and weary Logan leads a quiet life. But when Laura, a mutant child pursued by scientists, comes to him for help, he must get her to safety."
La haine,8.1,21-08-1997,98,24 hours in the lives of three young men in the French suburbs the day after a violent riot.
Koe no katachi,8.2,09-03-2017,130,"A young man is ostracized by his classmates after he bullies a deaf girl to the point where she moves away. Years later, he sets off on a path for redemption."
Cool Hand Luke,8.1,01-11-1967,127,"A laid back Southern man is sentenced to two years in a rural prison, but refuses to conform."
Hachi: A Dog&apos;s Tale,8.1,21-01-2010,93,A college professor bonds with an abandoned dog he takes into his home.
Gangs of Wasseypur,8.2,02-08-2012,321,"A clash between Sultan and Shahid Khan leads to the expulsion of Khan from Wasseypur, and ignites a deadly blood feud spanning three generations."
Les quatre cents coups,8.1,03-06-1959,99,"A young boy, left without attention, delves into a life of petty crime."
Platoon,8.1,06-02-1987,120,"Chris Taylor, a neophyte recruit in Vietnam, finds himself caught in a battle of wills between two sergeants, one good and the other evil. A shrewd examination of the brutality of war and the duality of man in conflict."
Spotlight,8.1,21-01-2016,129,"The true story of how the Boston Globe uncovered the massive scandal of child molestation and cover-up within the local Catholic Archdiocese, shaking the entire Catholic Church to its core."
"Monsters, Inc.",8.1,15-11-2001,92,"In order to power the city, monsters have to scare children so that they scream. However, the children are toxic to the monsters, and after a child gets through, two monsters realize things may not be what they think."
Rebecca,8.1,12-04-1940,130,A self-conscious woman juggles adjusting to her new role as an aristocrat&apos;s wife and avoiding being intimidated by his first wife&apos;s spectral presence.
Life of Brian,8.1,14-04-2018,94,"Born on the original Christmas in the stable next door to Jesus Christ, Brian of Nazareth spends his life being mistaken for a messiah."
Fa yeung nin wah,8.1,29-09-2000,98,"Two neighbors form a strong bond after both suspect extramarital activities of their spouses. However, they agree to keep their bond platonic so as not to commit similar wrongs."
Hotel Rwanda,8.1,20-01-2005,121,"Paul Rusesabagina, a hotel manager, houses over a thousand Tutsi refugees during their struggle against the Hutu militia in Rwanda, Africa."
Eskiya,8.2,29-11-1996,128,"Baran the Bandit, released from prison after 35 years, searches for vengeance and his lover."
Rush,8.1,26-09-2013,123,The merciless 1970s rivalry between Formula One rivals James Hunt and Niki Lauda.
Rocky,8.1,03-12-1976,120,A small-time Philadelphia boxer gets a supremely rare chance to fight the world heavyweight champion in a bout in which he strives to go the distance for his self-respect.
Amores perros,8.1,16-06-2000,154,"A horrific car accident connects three stories, each involving characters dealing with loss, regret, and life&apos;s harsh realities, all in the name of love."
Into the Wild,8.1,19-10-2007,148,"After graduating from Emory University, top student and athlete Christopher McCandless abandons his possessions, gives his entire $24,000 savings account to charity and hitchhikes to Alaska to live in the wilderness. Along the way, C"
Kaze no tani no Naushika,8.1,01-03-2020,117,Warrior and pacifist Princess Nausicaä desperately struggles to prevent two warring nations from destroying themselves and their dying planet.
Before Sunset,8.1,30-07-2004,80,"Nine years after Jesse and Celine first met, they encounter each other again on the French leg of Jesse&apos;s book tour."
It Happened One Night,8.1,22-02-1934,105,"A renegade reporter trailing a young runaway heiress for a big story joins her on a bus heading from Florida to New York, and they end up stuck with each other when the bus leaves them behind at one of the stops."
Kimetsu no Yaiba: Mugen Ressha-Hen,8.2,16-10-2020,117,"After his family was brutally murdered and his sister turned into a demon, Tanjiro Kamado&apos;s journey as a demon slayer began. Tanjiro and his comrades embark on a new mission aboard the Mugen Train, on track to despair."
Fanny och Alexander,8.1,17-12-1982,188,"Two young Swedish children in the 1900s experience the many comedies and tragedies of their lively and affectionate theatrical family, the Ekdahls."
La battaglia di Algeri,8.1,09-09-1966,121,"In the 1950s, fear and violence escalate as the people of Algiers fight for independence from the French government."
Drishyam,8.3,19-12-2013,160,A man goes to extreme lengths to save his family from punishment after the family commits an accidental crime.
Le notti di Cabiria,8.1,16-10-1957,110,A waifish prostitute wanders the streets of Rome looking for true love but finds only heartbreak.
Strasti po Andreyu,8.1,16-10-1957,205,"The life, times and afflictions of the fifteenth-century Russian iconographer St. Andrei Rublev."
Drishyam 2,8.6,19-02-2021,152,A gripping tale of an investigation and a family which is threatened by it. Will Georgekutty be able to protect his family this time?
"Shin seiki Evangelion Gekijô-ban: Air/Magokoro wo, kimi ni",8.1,16-10-1957,87,Concurrent theatrical ending of the TV series Shin seiki evangerion (1995).
